{
    "mtx": [
        [
            3520.3717792533093,
            0.0,
            1235.5580986614536
        ],
        [
            0.0,
            3523.974365425173,
            1001.4975640461305
        ],
        [
            0.0,
            0.0,
            1.0
        ]
    ],
    "dist": [
        [
            -0.24609016864267352,
            0.34231801656010097,
            0.0001998497864920193,
            -2.822867501584157e-05,
            2.0421261653122595
        ]
    ]
}